layer,method,auc,aoc
instance_perturbation_module.neck.Rep_n5.block.0.rbr_dense.conv,GradCAM,0.0,1.0
instance_perturbation_module.neck.Rep_n5.block.0.rbr_dense.conv,Gradient,0.0,1.0
instance_perturbation_module.neck.Rep_n5.block.0.rbr_dense.conv,LRP-eps,0.0,1.0
instance_perturbation_module.neck.Rep_n5.block.0.rbr_dense.conv,LRP-gamma,0.0,1.0
instance_perturbation_module.neck.Rep_n5.block.0.rbr_dense.conv,LRP-zplus,0.0,1.0
instance_perturbation_module.neck.Rep_n5.block.0.rbr_dense.conv,activation,0.0,1.0
instance_perturbation_module.neck.Rep_n5.block.0.rbr_dense.conv,random,0.0,1.0
instance_perturbation_module.backbone.ERBlock_2.1.conv1.rbr_dense.conv,GradCAM,0.6549465277745046,0.6323963131380174
instance_perturbation_module.backbone.ERBlock_2.1.conv1.rbr_dense.conv,Gradient,0.6010993712432184,0.5495947486990304
instance_perturbation_module.backbone.ERBlock_2.1.conv1.rbr_dense.conv,LRP-eps,0.4123825820307031,0.7082253624658346
instance_perturbation_module.backbone.ERBlock_2.1.conv1.rbr_dense.conv,LRP-gamma,0.4038328323724725,0.4004818527572596
instance_perturbation_module.backbone.ERBlock_2.1.conv1.rbr_dense.conv,LRP-zplus,0.44400390502751974,0.6879194705029896
instance_perturbation_module.backbone.ERBlock_2.1.conv1.rbr_dense.conv,activation,0.40830289181158896,0.4561388948274866
instance_perturbation_module.backbone.ERBlock_2.1.conv1.rbr_dense.conv,random,0.33761354065631866,0.42527750707726036
instance_perturbation_module.backbone.ERBlock_6.0.rbr_dense.conv,GradCAM,0.7402009946783273,0.738978100990221
instance_perturbation_module.backbone.ERBlock_6.0.rbr_dense.conv,Gradient,0.7394609654121531,0.7107701867277769
instance_perturbation_module.backbone.ERBlock_6.0.rbr_dense.conv,LRP-eps,0.5179747845311115,0.7469909827046695
instance_perturbation_module.backbone.ERBlock_6.0.rbr_dense.conv,LRP-gamma,0.3503136705338267,0.38597303074671174
instance_perturbation_module.backbone.ERBlock_6.0.rbr_dense.conv,LRP-zplus,0.8411408309018557,0.4095168979117895
instance_perturbation_module.backbone.ERBlock_6.0.rbr_dense.conv,activation,0.8492166135078849,0.7607304264973073
instance_perturbation_module.backbone.ERBlock_6.0.rbr_dense.conv,random,0.5684764514600551,0.5033831629475568
instance_perturbation_module.backbone.ERBlock_6.2.cspsppf.cv6.block.conv,GradCAM,0.43373530546018463,0.5309241654088237
instance_perturbation_module.backbone.ERBlock_6.2.cspsppf.cv6.block.conv,Gradient,0.379433134448271,0.5643696111642961
instance_perturbation_module.backbone.ERBlock_6.2.cspsppf.cv6.block.conv,LRP-eps,0.22630738667209618,0.7550060927660998
instance_perturbation_module.backbone.ERBlock_6.2.cspsppf.cv6.block.conv,LRP-gamma,0.04923624915429444,0.589913821621355
instance_perturbation_module.backbone.ERBlock_6.2.cspsppf.cv6.block.conv,LRP-zplus,0.6900676956156614,0.8405661079716459
instance_perturbation_module.backbone.ERBlock_6.2.cspsppf.cv6.block.conv,activation,0.7234507800717571,0.917204372604012
instance_perturbation_module.backbone.ERBlock_6.2.cspsppf.cv6.block.conv,random,0.4555087276896687,0.6293153544668696
instance_perturbation_module.detect.cls_convs.0.block.conv,GradCAM,0.32992281500784343,0.42200532098424837
instance_perturbation_module.detect.cls_convs.0.block.conv,Gradient,0.21599231980955,0.572427053792781
instance_perturbation_module.detect.cls_convs.0.block.conv,LRP-eps,0.5490028368882303,0.4358588526989902
instance_perturbation_module.detect.cls_convs.0.block.conv,LRP-gamma,0.5490028368882303,0.4358588526989902
instance_perturbation_module.detect.cls_convs.0.block.conv,LRP-zplus,0.62090980473052,0.530613284707688
instance_perturbation_module.detect.cls_convs.0.block.conv,activation,0.1975615210442342,0.679670296441017
instance_perturbation_module.detect.cls_convs.0.block.conv,random,0.20270774045061407,0.5465515038172151
instance_perturbation_module.detect.reg_preds.3,GradCAM,0.0,1.0
instance_perturbation_module.detect.reg_preds.3,Gradient,0.0,1.0
instance_perturbation_module.detect.reg_preds.3,LRP-eps,0.0,1.0
instance_perturbation_module.detect.reg_preds.3,LRP-gamma,0.0,1.0
instance_perturbation_module.detect.reg_preds.3,LRP-zplus,0.0,1.0
instance_perturbation_module.detect.reg_preds.3,activation,0.0,1.0
instance_perturbation_module.detect.reg_preds.3,random,0.0,1.0
instance_perturbation_module.detect.cls_convs.1.block.conv,GradCAM,0.04875643902763576,0.21868057809434768
instance_perturbation_module.detect.cls_convs.1.block.conv,Gradient,0.058460157809890716,0.21868057809434768
instance_perturbation_module.detect.cls_convs.1.block.conv,LRP-eps,0.19660868121341998,0.22493606827230805
instance_perturbation_module.detect.cls_convs.1.block.conv,LRP-gamma,0.19660868121341998,0.22493606827230805
instance_perturbation_module.detect.cls_convs.1.block.conv,LRP-zplus,0.26525758528654225,0.21783466817560526
instance_perturbation_module.detect.cls_convs.1.block.conv,activation,0.1279070078160417,1.0
instance_perturbation_module.detect.cls_convs.1.block.conv,random,0.04067160894061208,0.9586943381749294
instance_perturbation_module.detect.stems.0.block.conv,GradCAM,0.3973376540429542,0.2843353994534558
instance_perturbation_module.detect.stems.0.block.conv,Gradient,0.40496561188779717,0.2939222535021773
instance_perturbation_module.detect.stems.0.block.conv,LRP-eps,0.22490088447969503,0.437116980227731
instance_perturbation_module.detect.stems.0.block.conv,LRP-gamma,0.31317680941738535,0.43306530108965186
instance_perturbation_module.detect.stems.0.block.conv,LRP-zplus,0.26056020769378846,0.5678678442466054
instance_perturbation_module.detect.stems.0.block.conv,activation,0.17303656035252346,0.2982555950073251
instance_perturbation_module.detect.stems.0.block.conv,random,0.21146989963522111,0.8459238449525354
instance_perturbation_module.backbone.ERBlock_5.0.rbr_dense.conv,GradCAM,0.7275963741824706,0.8707956750607285
instance_perturbation_module.backbone.ERBlock_5.0.rbr_dense.conv,Gradient,0.606307274319495,0.8905427269079053
instance_perturbation_module.backbone.ERBlock_5.0.rbr_dense.conv,LRP-eps,0.14767505992680796,0.8583749337224521
instance_perturbation_module.backbone.ERBlock_5.0.rbr_dense.conv,LRP-gamma,0.30215747615009,0.5764126553332755
instance_perturbation_module.backbone.ERBlock_5.0.rbr_dense.conv,LRP-zplus,0.4357493112746318,0.567143824046715
instance_perturbation_module.backbone.ERBlock_5.0.rbr_dense.conv,activation,0.6921513241978392,0.60158999894282
instance_perturbation_module.backbone.ERBlock_5.0.rbr_dense.conv,random,0.7308723296710493,0.41205064218011317
instance_perturbation_module.backbone.ERBlock_5.1.block.0.rbr_dense.conv,GradCAM,0.737839382626973,0.7220854296829363
instance_perturbation_module.backbone.ERBlock_5.1.block.0.rbr_dense.conv,Gradient,0.7042548804042417,0.6266380550524255
instance_perturbation_module.backbone.ERBlock_5.1.block.0.rbr_dense.conv,LRP-eps,0.19032409952321108,0.7089938226149878
instance_perturbation_module.backbone.ERBlock_5.1.block.0.rbr_dense.conv,LRP-gamma,0.39316813835202535,0.371883231164415
instance_perturbation_module.backbone.ERBlock_5.1.block.0.rbr_dense.conv,LRP-zplus,0.80893265697095,0.7310769184804086
instance_perturbation_module.backbone.ERBlock_5.1.block.0.rbr_dense.conv,activation,0.6476641142830031,0.6937917670142372
instance_perturbation_module.backbone.ERBlock_5.1.block.0.rbr_dense.conv,random,0.5932769477198635,0.4663808462592607
instance_perturbation_module.backbone.ERBlock_3.0.rbr_dense.conv,GradCAM,0.6342620994155601,0.7974882942018008
instance_perturbation_module.backbone.ERBlock_3.0.rbr_dense.conv,Gradient,0.6047792999322659,0.7474803912688202
instance_perturbation_module.backbone.ERBlock_3.0.rbr_dense.conv,LRP-eps,0.5911738988505126,0.6914740130878038
instance_perturbation_module.backbone.ERBlock_3.0.rbr_dense.conv,LRP-gamma,0.4963334375701903,0.73909744058857
instance_perturbation_module.backbone.ERBlock_3.0.rbr_dense.conv,LRP-zplus,0.489404255422367,0.6965947601562099
instance_perturbation_module.backbone.ERBlock_3.0.rbr_dense.conv,activation,0.36511625104290124,0.6019826297776953
instance_perturbation_module.backbone.ERBlock_3.0.rbr_dense.conv,random,0.42091228331910613,0.4858619826530885
instance_perturbation_module.neck.downsample1.block.conv,GradCAM,0.0,1.0
instance_perturbation_module.neck.downsample1.block.conv,Gradient,0.0,1.0
instance_perturbation_module.neck.downsample1.block.conv,LRP-eps,0.0,1.0
instance_perturbation_module.neck.downsample1.block.conv,LRP-gamma,0.0,1.0
instance_perturbation_module.neck.downsample1.block.conv,LRP-zplus,0.0,1.0
instance_perturbation_module.neck.downsample1.block.conv,activation,0.0,1.0
instance_perturbation_module.neck.downsample1.block.conv,random,0.0,1.0
instance_perturbation_module.detect.cls_preds.3,GradCAM,0.47219713653830336,0.5726353856705485
instance_perturbation_module.detect.cls_preds.3,Gradient,0.47219713653830336,0.5726353856705485
instance_perturbation_module.detect.cls_preds.3,LRP-eps,0.47219713653830336,0.5726353856705485
instance_perturbation_module.detect.cls_preds.3,LRP-gamma,0.47219713653830336,0.5726353856705485
instance_perturbation_module.detect.cls_preds.3,LRP-zplus,0.47219713653830336,0.5726353856705485
instance_perturbation_module.detect.cls_preds.3,activation,0.4273646143294515,0.5278028634616967
instance_perturbation_module.detect.cls_preds.3,random,0.47666349788110296,0.603768765617888
instance_perturbation_module.backbone.ERBlock_6.2.cspsppf.cv1.block.conv,GradCAM,0.7060111924761832,0.58015099446043
instance_perturbation_module.backbone.ERBlock_6.2.cspsppf.cv1.block.conv,Gradient,0.7190759587977378,0.5153635389994555
instance_perturbation_module.backbone.ERBlock_6.2.cspsppf.cv1.block.conv,LRP-eps,0.44931547954880124,0.5682406537772023
instance_perturbation_module.backbone.ERBlock_6.2.cspsppf.cv1.block.conv,LRP-gamma,0.16924176295402127,0.5712714520885999
instance_perturbation_module.backbone.ERBlock_6.2.cspsppf.cv1.block.conv,LRP-zplus,0.8071672792050489,0.6534791462220781
instance_perturbation_module.backbone.ERBlock_6.2.cspsppf.cv1.block.conv,activation,0.8001198278609477,0.6579974143913628
instance_perturbation_module.backbone.ERBlock_6.2.cspsppf.cv1.block.conv,random,0.5525284569015472,0.46002606540899577
instance_perturbation_module.neck.Rep_p4.block.1.rbr_dense.conv,GradCAM,0.3635308400502824,0.6826599242778485
instance_perturbation_module.neck.Rep_p4.block.1.rbr_dense.conv,Gradient,0.34863562458943725,0.6326188417107848
instance_perturbation_module.neck.Rep_p4.block.1.rbr_dense.conv,LRP-eps,0.394606667215397,0.5659821571677394
instance_perturbation_module.neck.Rep_p4.block.1.rbr_dense.conv,LRP-gamma,0.2438967739746636,0.5101805660252237
instance_perturbation_module.neck.Rep_p4.block.1.rbr_dense.conv,LRP-zplus,0.41943061977728585,0.30417787115162664
instance_perturbation_module.neck.Rep_p4.block.1.rbr_dense.conv,activation,0.386282650064495,0.36008197979858203
instance_perturbation_module.neck.Rep_p4.block.1.rbr_dense.conv,random,0.39193172473779736,0.4203524300395002
instance_perturbation_module.detect.reg_preds.0,GradCAM,0.13197255434478292,0.8688594697112481
instance_perturbation_module.detect.reg_preds.0,Gradient,0.13197255434478292,0.8688594697112481
instance_perturbation_module.detect.reg_preds.0,LRP-eps,0.13197255434478292,0.8688594697112481
instance_perturbation_module.detect.reg_preds.0,LRP-gamma,0.13197255434478292,0.8688594697112481
instance_perturbation_module.detect.reg_preds.0,LRP-zplus,0.13197255434478292,0.8688594697112481
instance_perturbation_module.detect.reg_preds.0,activation,0.1269510570562338,0.8725630081173075
instance_perturbation_module.detect.reg_preds.0,random,0.1305312748167457,0.8656180819781744
instance_perturbation_module.detect.reg_convs.1.block.conv,GradCAM,0.3290848578852304,0.5366026847771861
instance_perturbation_module.detect.reg_convs.1.block.conv,Gradient,0.3290848578852304,0.5366026847771861
instance_perturbation_module.detect.reg_convs.1.block.conv,LRP-eps,0.3290848578852304,0.5366026847771861
instance_perturbation_module.detect.reg_convs.1.block.conv,LRP-gamma,0.3290848578852304,0.5366026847771861
instance_perturbation_module.detect.reg_convs.1.block.conv,LRP-zplus,0.3290848578852304,0.5366026847771861
instance_perturbation_module.detect.reg_convs.1.block.conv,activation,0.2643203107081198,0.34820854151661673
instance_perturbation_module.detect.reg_convs.1.block.conv,random,0.36363186849453155,0.6017798199746351
instance_perturbation_module.neck.Rep_n6.block.2.rbr_dense.conv,GradCAM,0.0,1.0
instance_perturbation_module.neck.Rep_n6.block.2.rbr_dense.conv,Gradient,0.0,1.0
instance_perturbation_module.neck.Rep_n6.block.2.rbr_dense.conv,LRP-eps,0.0,1.0
instance_perturbation_module.neck.Rep_n6.block.2.rbr_dense.conv,LRP-gamma,0.0,1.0
instance_perturbation_module.neck.Rep_n6.block.2.rbr_dense.conv,LRP-zplus,0.0,1.0
instance_perturbation_module.neck.Rep_n6.block.2.rbr_dense.conv,activation,0.0,1.0
instance_perturbation_module.neck.Rep_n6.block.2.rbr_dense.conv,random,0.0,1.0
instance_perturbation_module.neck.Rep_n5.conv1.rbr_dense.conv,GradCAM,0.0,1.0
instance_perturbation_module.neck.Rep_n5.conv1.rbr_dense.conv,Gradient,0.0,1.0
instance_perturbation_module.neck.Rep_n5.conv1.rbr_dense.conv,LRP-eps,0.0,1.0
instance_perturbation_module.neck.Rep_n5.conv1.rbr_dense.conv,LRP-gamma,0.0,1.0
instance_perturbation_module.neck.Rep_n5.conv1.rbr_dense.conv,LRP-zplus,0.0,1.0
instance_perturbation_module.neck.Rep_n5.conv1.rbr_dense.conv,activation,0.0,1.0
instance_perturbation_module.neck.Rep_n5.conv1.rbr_dense.conv,random,0.0,1.0
instance_perturbation_module.backbone.ERBlock_2.1.block.0.rbr_dense.conv,GradCAM,0.6008032336483659,0.608629122971533
instance_perturbation_module.backbone.ERBlock_2.1.block.0.rbr_dense.conv,Gradient,0.6643007632572814,0.5562411503928328
instance_perturbation_module.backbone.ERBlock_2.1.block.0.rbr_dense.conv,LRP-eps,0.5467938921978596,0.4342733157621728
instance_perturbation_module.backbone.ERBlock_2.1.block.0.rbr_dense.conv,LRP-gamma,0.4767258051068605,0.4695780437572482
instance_perturbation_module.backbone.ERBlock_2.1.block.0.rbr_dense.conv,LRP-zplus,0.5341916977286274,0.5054862476806932
instance_perturbation_module.backbone.ERBlock_2.1.block.0.rbr_dense.conv,activation,0.4720896323431799,0.4412391593426083
instance_perturbation_module.backbone.ERBlock_2.1.block.0.rbr_dense.conv,random,0.3489307692814377,0.43273928145269563
instance_perturbation_module.neck.Rep_p5.conv1.rbr_dense.conv,GradCAM,0.6638327402890484,0.6965596894913375
instance_perturbation_module.neck.Rep_p5.conv1.rbr_dense.conv,Gradient,0.585373071696731,0.5811326476708539
instance_perturbation_module.neck.Rep_p5.conv1.rbr_dense.conv,LRP-eps,0.13830212570852268,0.7808909353888456
instance_perturbation_module.neck.Rep_p5.conv1.rbr_dense.conv,LRP-gamma,0.4123727641213079,0.7130455877089387
instance_perturbation_module.neck.Rep_p5.conv1.rbr_dense.conv,LRP-zplus,0.5902099739877517,0.6414012065496382
instance_perturbation_module.neck.Rep_p5.conv1.rbr_dense.conv,activation,0.4775484284400246,0.5873249106403227
instance_perturbation_module.neck.Rep_p5.conv1.rbr_dense.conv,random,0.5194567744246932,0.7396901663807236
instance_perturbation_module.detect.reg_convs.2.block.conv,GradCAM,0.0,1.0
instance_perturbation_module.detect.reg_convs.2.block.conv,Gradient,0.0,1.0
instance_perturbation_module.detect.reg_convs.2.block.conv,LRP-eps,0.0,1.0
instance_perturbation_module.detect.reg_convs.2.block.conv,LRP-gamma,0.0,1.0
instance_perturbation_module.detect.reg_convs.2.block.conv,LRP-zplus,0.0,1.0
instance_perturbation_module.detect.reg_convs.2.block.conv,activation,0.0,1.0
instance_perturbation_module.detect.reg_convs.2.block.conv,random,0.0,1.0
instance_perturbation_module.backbone.ERBlock_6.2.cspsppf.cv3.block.conv,GradCAM,0.5273530838343233,0.7521616409983231
instance_perturbation_module.backbone.ERBlock_6.2.cspsppf.cv3.block.conv,Gradient,0.5692785163166816,0.6832085860460776
instance_perturbation_module.backbone.ERBlock_6.2.cspsppf.cv3.block.conv,LRP-eps,0.2629441849893507,0.7464444866262141
instance_perturbation_module.backbone.ERBlock_6.2.cspsppf.cv3.block.conv,LRP-gamma,0.16177852700137982,0.7198977365745654
instance_perturbation_module.backbone.ERBlock_6.2.cspsppf.cv3.block.conv,LRP-zplus,0.7336135991601466,0.5250638735505685
instance_perturbation_module.backbone.ERBlock_6.2.cspsppf.cv3.block.conv,activation,0.6886247698836616,0.6823894230410876
instance_perturbation_module.backbone.ERBlock_6.2.cspsppf.cv3.block.conv,random,0.4404384674492088,0.6485178095110187
instance_perturbation_module.backbone.ERBlock_6.1.block.0.rbr_dense.conv,GradCAM,0.46282306621502767,0.5402217233846419
instance_perturbation_module.backbone.ERBlock_6.1.block.0.rbr_dense.conv,Gradient,0.5002190972965896,0.5400465035957518
instance_perturbation_module.backbone.ERBlock_6.1.block.0.rbr_dense.conv,LRP-eps,0.3327252188770101,0.5018037822465371
instance_perturbation_module.backbone.ERBlock_6.1.block.0.rbr_dense.conv,LRP-gamma,0.08654396879843931,0.07262666601889826
instance_perturbation_module.backbone.ERBlock_6.1.block.0.rbr_dense.conv,LRP-zplus,0.8695190356078919,0.678716735447343
instance_perturbation_module.backbone.ERBlock_6.1.block.0.rbr_dense.conv,activation,0.8499035218801405,0.6529884304252892
instance_perturbation_module.backbone.ERBlock_6.1.block.0.rbr_dense.conv,random,0.5450746824947951,0.5217927592478379
instance_perturbation_module.detect.cls_convs.2.block.conv,GradCAM,0.0,1.0
instance_perturbation_module.detect.cls_convs.2.block.conv,Gradient,0.0,1.0
instance_perturbation_module.detect.cls_convs.2.block.conv,LRP-eps,0.0,1.0
instance_perturbation_module.detect.cls_convs.2.block.conv,LRP-gamma,0.0,1.0
instance_perturbation_module.detect.cls_convs.2.block.conv,LRP-zplus,0.0,1.0
instance_perturbation_module.detect.cls_convs.2.block.conv,activation,0.0,1.0
instance_perturbation_module.detect.cls_convs.2.block.conv,random,0.0,1.0
instance_perturbation_module.neck.Rep_p3.block.0.rbr_dense.conv,GradCAM,0.6500163135478875,0.6519806829081201
instance_perturbation_module.neck.Rep_p3.block.0.rbr_dense.conv,Gradient,0.6722828155150218,0.657316411795799
instance_perturbation_module.neck.Rep_p3.block.0.rbr_dense.conv,LRP-eps,0.6100851685800415,0.5865469781121374
instance_perturbation_module.neck.Rep_p3.block.0.rbr_dense.conv,LRP-gamma,0.5709282135934738,0.6037503613303494
instance_perturbation_module.neck.Rep_p3.block.0.rbr_dense.conv,LRP-zplus,0.6747807791346208,0.7367366228909754
instance_perturbation_module.neck.Rep_p3.block.0.rbr_dense.conv,activation,0.32724309458190903,0.48711070360565656
instance_perturbation_module.neck.Rep_p3.block.0.rbr_dense.conv,random,0.38116417724575113,0.5836236228566185
instance_perturbation_module.neck.Rep_n5.block.1.rbr_dense.conv,GradCAM,0.0,1.0
instance_perturbation_module.neck.Rep_n5.block.1.rbr_dense.conv,Gradient,0.0,1.0
instance_perturbation_module.neck.Rep_n5.block.1.rbr_dense.conv,LRP-eps,0.0,1.0
instance_perturbation_module.neck.Rep_n5.block.1.rbr_dense.conv,LRP-gamma,0.0,1.0
instance_perturbation_module.neck.Rep_n5.block.1.rbr_dense.conv,LRP-zplus,0.0,1.0
instance_perturbation_module.neck.Rep_n5.block.1.rbr_dense.conv,activation,0.0,1.0
instance_perturbation_module.neck.Rep_n5.block.1.rbr_dense.conv,random,0.0,1.0
instance_perturbation_module.neck.Rep_n6.block.0.rbr_dense.conv,GradCAM,0.0,1.0
instance_perturbation_module.neck.Rep_n6.block.0.rbr_dense.conv,Gradient,0.0,1.0
instance_perturbation_module.neck.Rep_n6.block.0.rbr_dense.conv,LRP-eps,0.0,1.0
instance_perturbation_module.neck.Rep_n6.block.0.rbr_dense.conv,LRP-gamma,0.0,1.0
instance_perturbation_module.neck.Rep_n6.block.0.rbr_dense.conv,LRP-zplus,0.0,1.0
instance_perturbation_module.neck.Rep_n6.block.0.rbr_dense.conv,activation,0.0,1.0
instance_perturbation_module.neck.Rep_n6.block.0.rbr_dense.conv,random,0.0,1.0
instance_perturbation_module.neck.Rep_p3.block.1.rbr_dense.conv,GradCAM,0.6795821914974484,0.6567298995280064
instance_perturbation_module.neck.Rep_p3.block.1.rbr_dense.conv,Gradient,0.6846970120144148,0.6340724220664563
instance_perturbation_module.neck.Rep_p3.block.1.rbr_dense.conv,LRP-eps,0.636118834057293,0.5738554352201325
instance_perturbation_module.neck.Rep_p3.block.1.rbr_dense.conv,LRP-gamma,0.6016998214304473,0.545892740357086
instance_perturbation_module.neck.Rep_p3.block.1.rbr_dense.conv,LRP-zplus,0.7442286947046318,0.682628908888453
instance_perturbation_module.neck.Rep_p3.block.1.rbr_dense.conv,activation,0.5702449463579385,0.5348860545767714
instance_perturbation_module.neck.Rep_p3.block.1.rbr_dense.conv,random,0.42432010933635933,0.5075755858882962
instance_perturbation_module.backbone.ERBlock_3.1.block.1.rbr_dense.conv,GradCAM,0.73630310268083,0.7081306059934774
instance_perturbation_module.backbone.ERBlock_3.1.block.1.rbr_dense.conv,Gradient,0.7394442177979155,0.6780321902852251
instance_perturbation_module.backbone.ERBlock_3.1.block.1.rbr_dense.conv,LRP-eps,0.6753226279829694,0.4978583223521861
instance_perturbation_module.backbone.ERBlock_3.1.block.1.rbr_dense.conv,LRP-gamma,0.5786815807139499,0.5234811940389082
instance_perturbation_module.backbone.ERBlock_3.1.block.1.rbr_dense.conv,LRP-zplus,0.6199917092835653,0.5587885022644823
instance_perturbation_module.backbone.ERBlock_3.1.block.1.rbr_dense.conv,activation,0.4688379439034795,0.455193557089105
instance_perturbation_module.backbone.ERBlock_3.1.block.1.rbr_dense.conv,random,0.4636672720869506,0.504468632956532
instance_perturbation_module.backbone.ERBlock_4.1.block.2.rbr_dense.conv,GradCAM,0.7761964543737221,0.8146076523225865
instance_perturbation_module.backbone.ERBlock_4.1.block.2.rbr_dense.conv,Gradient,0.7659927228826048,0.8175944447749975
instance_perturbation_module.backbone.ERBlock_4.1.block.2.rbr_dense.conv,LRP-eps,0.48320093360084465,0.691997550417424
instance_perturbation_module.backbone.ERBlock_4.1.block.2.rbr_dense.conv,LRP-gamma,0.4175104766578596,0.5227920670721999
instance_perturbation_module.backbone.ERBlock_4.1.block.2.rbr_dense.conv,LRP-zplus,0.7356731323620831,0.7069002619781074
instance_perturbation_module.backbone.ERBlock_4.1.block.2.rbr_dense.conv,activation,0.5087910717530754,0.5927192298707384
instance_perturbation_module.backbone.ERBlock_4.1.block.2.rbr_dense.conv,random,0.3350403116856489,0.5828886515355869
instance_perturbation_module.backbone.ERBlock_4.1.block.4.rbr_dense.conv,GradCAM,0.6249085063965159,0.8283655010318723
instance_perturbation_module.backbone.ERBlock_4.1.block.4.rbr_dense.conv,Gradient,0.6241986350427646,0.8102800427081897
instance_perturbation_module.backbone.ERBlock_4.1.block.4.rbr_dense.conv,LRP-eps,0.33734951962102044,0.789223216319049
instance_perturbation_module.backbone.ERBlock_4.1.block.4.rbr_dense.conv,LRP-gamma,0.34478106418353915,0.38926044566486656
instance_perturbation_module.backbone.ERBlock_4.1.block.4.rbr_dense.conv,LRP-zplus,0.3697535564333261,0.5498299367293509
instance_perturbation_module.backbone.ERBlock_4.1.block.4.rbr_dense.conv,activation,0.3963433229948514,0.7706506161859896
instance_perturbation_module.backbone.ERBlock_4.1.block.4.rbr_dense.conv,random,0.35415006314787423,0.509951677299275
instance_perturbation_module.neck.Rep_n5.block.2.rbr_dense.conv,GradCAM,0.0,1.0
instance_perturbation_module.neck.Rep_n5.block.2.rbr_dense.conv,Gradient,0.0,1.0
instance_perturbation_module.neck.Rep_n5.block.2.rbr_dense.conv,LRP-eps,0.0,1.0
instance_perturbation_module.neck.Rep_n5.block.2.rbr_dense.conv,LRP-gamma,0.0,1.0
instance_perturbation_module.neck.Rep_n5.block.2.rbr_dense.conv,LRP-zplus,0.0,1.0
instance_perturbation_module.neck.Rep_n5.block.2.rbr_dense.conv,activation,0.0,1.0
instance_perturbation_module.neck.Rep_n5.block.2.rbr_dense.conv,random,0.0,1.0
instance_perturbation_module.neck.Rep_n4.block.0.rbr_dense.conv,GradCAM,0.35518045900097905,0.16116209982248506
instance_perturbation_module.neck.Rep_n4.block.0.rbr_dense.conv,Gradient,0.3661580878733134,0.1580801763823195
instance_perturbation_module.neck.Rep_n4.block.0.rbr_dense.conv,LRP-eps,0.3878334988261774,0.16039952869436533
instance_perturbation_module.neck.Rep_n4.block.0.rbr_dense.conv,LRP-gamma,0.3647252748174403,0.1602850986940198
instance_perturbation_module.neck.Rep_n4.block.0.rbr_dense.conv,LRP-zplus,0.3796219503184421,0.1580801763823195
instance_perturbation_module.neck.Rep_n4.block.0.rbr_dense.conv,activation,0.07202593735945934,0.2251217314764598
instance_perturbation_module.neck.Rep_n4.block.0.rbr_dense.conv,random,0.7136313596991072,0.3185789859579842
instance_perturbation_module.detect.reg_preds.2,GradCAM,0.0,1.0
instance_perturbation_module.detect.reg_preds.2,Gradient,0.0,1.0
instance_perturbation_module.detect.reg_preds.2,LRP-eps,0.0,1.0
instance_perturbation_module.detect.reg_preds.2,LRP-gamma,0.0,1.0
instance_perturbation_module.detect.reg_preds.2,LRP-zplus,0.0,1.0
instance_perturbation_module.detect.reg_preds.2,activation,0.0,1.0
instance_perturbation_module.detect.reg_preds.2,random,0.0,1.0
instance_perturbation_module.neck.Rep_n4.block.1.rbr_dense.conv,GradCAM,0.33651602769929423,0.19038191971049037
instance_perturbation_module.neck.Rep_n4.block.1.rbr_dense.conv,Gradient,0.34922426617323643,0.18760345317331334
instance_perturbation_module.neck.Rep_n4.block.1.rbr_dense.conv,LRP-eps,0.3601135446509201,0.190259095387967
instance_perturbation_module.neck.Rep_n4.block.1.rbr_dense.conv,LRP-gamma,0.3423325051673687,0.18985315408766124
instance_perturbation_module.neck.Rep_n4.block.1.rbr_dense.conv,LRP-zplus,0.3677608095887427,0.1888381638843839
instance_perturbation_module.neck.Rep_n4.block.1.rbr_dense.conv,activation,0.21146372765302712,0.26847717413383754
instance_perturbation_module.neck.Rep_n4.block.1.rbr_dense.conv,random,0.2656887110863579,0.21697496064475147
instance_perturbation_module.neck.Rep_p5.block.1.rbr_dense.conv,GradCAM,0.6002302379861997,0.6875995264430859
instance_perturbation_module.neck.Rep_p5.block.1.rbr_dense.conv,Gradient,0.6374224622010869,0.646631593381148
instance_perturbation_module.neck.Rep_p5.block.1.rbr_dense.conv,LRP-eps,0.19878070223834318,0.8273109306131468
instance_perturbation_module.neck.Rep_p5.block.1.rbr_dense.conv,LRP-gamma,0.20100164531129205,0.677421072811561
instance_perturbation_module.neck.Rep_p5.block.1.rbr_dense.conv,LRP-zplus,0.5765848427593794,0.5587328314877256
instance_perturbation_module.neck.Rep_p5.block.1.rbr_dense.conv,activation,0.3527443001127787,0.25391941839963766
instance_perturbation_module.neck.Rep_p5.block.1.rbr_dense.conv,random,0.5555335693039373,0.6119596432901188
instance_perturbation_module.neck.Rep_p5.block.2.rbr_dense.conv,GradCAM,0.5063491078892538,0.44438440674075297
instance_perturbation_module.neck.Rep_p5.block.2.rbr_dense.conv,Gradient,0.4285443416184792,0.38748039522086086
instance_perturbation_module.neck.Rep_p5.block.2.rbr_dense.conv,LRP-eps,0.2968051984619258,0.6389448827889663
instance_perturbation_module.neck.Rep_p5.block.2.rbr_dense.conv,LRP-gamma,0.34481104569279575,0.7229698341538189
instance_perturbation_module.neck.Rep_p5.block.2.rbr_dense.conv,LRP-zplus,0.3633299063322517,0.4397567446070449
instance_perturbation_module.neck.Rep_p5.block.2.rbr_dense.conv,activation,0.5403645959781147,0.6330029448534046
instance_perturbation_module.neck.Rep_p5.block.2.rbr_dense.conv,random,0.22283246972516108,0.5166052194334491
instance_perturbation_module.backbone.ERBlock_5.1.conv1.rbr_dense.conv,GradCAM,0.6800494892998985,0.8803558677913896
instance_perturbation_module.backbone.ERBlock_5.1.conv1.rbr_dense.conv,Gradient,0.6812453898537938,0.8412127846673658
instance_perturbation_module.backbone.ERBlock_5.1.conv1.rbr_dense.conv,LRP-eps,0.1061708869640216,0.7911171184208099
instance_perturbation_module.backbone.ERBlock_5.1.conv1.rbr_dense.conv,LRP-gamma,0.5525724054266227,0.5482606175075819
instance_perturbation_module.backbone.ERBlock_5.1.conv1.rbr_dense.conv,LRP-zplus,0.9211854718361088,0.4840134797341722
instance_perturbation_module.backbone.ERBlock_5.1.conv1.rbr_dense.conv,activation,0.7755622186281363,0.6374587450561343
instance_perturbation_module.backbone.ERBlock_5.1.conv1.rbr_dense.conv,random,0.35671774049997995,0.600048886040483
instance_perturbation_module.backbone.ERBlock_4.1.block.3.rbr_dense.conv,GradCAM,0.6699175159822708,0.7782313831121517
instance_perturbation_module.backbone.ERBlock_4.1.block.3.rbr_dense.conv,Gradient,0.7046487503954468,0.7777946751259014
instance_perturbation_module.backbone.ERBlock_4.1.block.3.rbr_dense.conv,LRP-eps,0.4300101325599215,0.6906734442224427
instance_perturbation_module.backbone.ERBlock_4.1.block.3.rbr_dense.conv,LRP-gamma,0.5256227675270865,0.5063228299363324
instance_perturbation_module.backbone.ERBlock_4.1.block.3.rbr_dense.conv,LRP-zplus,0.6345916830132582,0.6111480699044055
instance_perturbation_module.backbone.ERBlock_4.1.block.3.rbr_dense.conv,activation,0.5616699198950372,0.5017662856829475
instance_perturbation_module.backbone.ERBlock_4.1.block.3.rbr_dense.conv,random,0.3439290020594598,0.5311565506583565
instance_perturbation_module.neck.Rep_p3.block.2.rbr_dense.conv,GradCAM,0.7344977877068917,0.6141769171615695
instance_perturbation_module.neck.Rep_p3.block.2.rbr_dense.conv,Gradient,0.7688352017167155,0.6248918849611481
instance_perturbation_module.neck.Rep_p3.block.2.rbr_dense.conv,LRP-eps,0.6620520229252117,0.4905095600267698
instance_perturbation_module.neck.Rep_p3.block.2.rbr_dense.conv,LRP-gamma,0.6462596016884102,0.5111880926299277
instance_perturbation_module.neck.Rep_p3.block.2.rbr_dense.conv,LRP-zplus,0.6740566866449271,0.6322607863979752
instance_perturbation_module.neck.Rep_p3.block.2.rbr_dense.conv,activation,0.40816202225479054,0.4064153242033568
instance_perturbation_module.neck.Rep_p3.block.2.rbr_dense.conv,random,0.48430326971945364,0.4120723914602923
instance_perturbation_module.detect.stems.2.block.conv,GradCAM,0.0,1.0
instance_perturbation_module.detect.stems.2.block.conv,Gradient,0.0,1.0
instance_perturbation_module.detect.stems.2.block.conv,LRP-eps,0.0,1.0
instance_perturbation_module.detect.stems.2.block.conv,LRP-gamma,0.0,1.0
instance_perturbation_module.detect.stems.2.block.conv,LRP-zplus,0.0,1.0
instance_perturbation_module.detect.stems.2.block.conv,activation,0.0,1.0
instance_perturbation_module.detect.stems.2.block.conv,random,0.0,1.0
instance_perturbation_module.backbone.ERBlock_3.1.block.0.rbr_dense.conv,GradCAM,0.7684042389926751,0.6534062213477934
instance_perturbation_module.backbone.ERBlock_3.1.block.0.rbr_dense.conv,Gradient,0.7902040552457942,0.6760573549979844
instance_perturbation_module.backbone.ERBlock_3.1.block.0.rbr_dense.conv,LRP-eps,0.6233172784010039,0.6277578719965033
instance_perturbation_module.backbone.ERBlock_3.1.block.0.rbr_dense.conv,LRP-gamma,0.5850737167714901,0.6206105899743745
instance_perturbation_module.backbone.ERBlock_3.1.block.0.rbr_dense.conv,LRP-zplus,0.5859960160587586,0.5593803267625211
instance_perturbation_module.backbone.ERBlock_3.1.block.0.rbr_dense.conv,activation,0.4697882960715375,0.4826654675953695
instance_perturbation_module.backbone.ERBlock_3.1.block.0.rbr_dense.conv,random,0.36880031414603426,0.4555510184774956
instance_perturbation_module.neck.reduce_layer1.block.conv,GradCAM,0.16857778244102176,0.7081264304643834
instance_perturbation_module.neck.reduce_layer1.block.conv,Gradient,0.18066058838894863,0.7440831224035751
instance_perturbation_module.neck.reduce_layer1.block.conv,LRP-eps,0.41756719621798966,0.841156134976798
instance_perturbation_module.neck.reduce_layer1.block.conv,LRP-gamma,0.3311399596880818,0.42294905861339493
instance_perturbation_module.neck.reduce_layer1.block.conv,LRP-zplus,0.6113157707048764,0.6508108694029704
instance_perturbation_module.neck.reduce_layer1.block.conv,activation,0.31870676905338413,0.4466114209826133
instance_perturbation_module.neck.reduce_layer1.block.conv,random,0.3133436965333992,0.5923552412501748
instance_perturbation_module.detect.reg_preds.1,GradCAM,0.252933645387327,0.8707453713870387
instance_perturbation_module.detect.reg_preds.1,Gradient,0.252933645387327,0.8707453713870387
instance_perturbation_module.detect.reg_preds.1,LRP-eps,0.252933645387327,0.8707453713870387
instance_perturbation_module.detect.reg_preds.1,LRP-gamma,0.252933645387327,0.8707453713870387
instance_perturbation_module.detect.reg_preds.1,LRP-zplus,0.252933645387327,0.8707453713870387
instance_perturbation_module.detect.reg_preds.1,activation,0.21463364107432392,0.8663487496910298
instance_perturbation_module.detect.reg_preds.1,random,0.16504437834244678,0.8726406899460551
instance_perturbation_module.detect.stems.1.block.conv,GradCAM,0.1741887938101824,0.1329964688208708
instance_perturbation_module.detect.stems.1.block.conv,Gradient,0.20161325420028686,0.1329964688208708
instance_perturbation_module.detect.stems.1.block.conv,LRP-eps,0.29512876926757015,0.13816686831154762
instance_perturbation_module.detect.stems.1.block.conv,LRP-gamma,0.269895620471609,0.13833891702326795
instance_perturbation_module.detect.stems.1.block.conv,LRP-zplus,0.06876184087858667,0.1329964688208708
instance_perturbation_module.detect.stems.1.block.conv,activation,0.6128698227215231,0.9621848739495799
instance_perturbation_module.detect.stems.1.block.conv,random,0.10811268807579508,0.8253548416662686
instance_perturbation_module.detect.reg_convs.0.block.conv,GradCAM,0.3782477653577808,0.5742543892352691
instance_perturbation_module.detect.reg_convs.0.block.conv,Gradient,0.3782477653577808,0.5742543892352691
instance_perturbation_module.detect.reg_convs.0.block.conv,LRP-eps,0.3782477653577808,0.5742543892352691
instance_perturbation_module.detect.reg_convs.0.block.conv,LRP-gamma,0.3782477653577808,0.5742543892352691
instance_perturbation_module.detect.reg_convs.0.block.conv,LRP-zplus,0.3782477653577808,0.5742543892352691
instance_perturbation_module.detect.reg_convs.0.block.conv,activation,0.32652244529051416,0.5357748040339447
instance_perturbation_module.detect.reg_convs.0.block.conv,random,0.382787968642987,0.6370918190115096
instance_perturbation_module.detect.cls_convs.3.block.conv,GradCAM,0.0,1.0
instance_perturbation_module.detect.cls_convs.3.block.conv,Gradient,0.0,1.0
instance_perturbation_module.detect.cls_convs.3.block.conv,LRP-eps,0.0,1.0
instance_perturbation_module.detect.cls_convs.3.block.conv,LRP-gamma,0.0,1.0
instance_perturbation_module.detect.cls_convs.3.block.conv,LRP-zplus,0.0,1.0
instance_perturbation_module.detect.cls_convs.3.block.conv,activation,0.0,1.0
instance_perturbation_module.detect.cls_convs.3.block.conv,random,0.0,1.0
instance_perturbation_module.detect.cls_preds.0,GradCAM,0.44820487354992417,0.5707803204455696
instance_perturbation_module.detect.cls_preds.0,Gradient,0.4569089409182878,0.5977671321091838
instance_perturbation_module.detect.cls_preds.0,LRP-eps,0.4569089409182878,0.5977671321091838
instance_perturbation_module.detect.cls_preds.0,LRP-gamma,0.4569089409182878,0.5977671321091838
instance_perturbation_module.detect.cls_preds.0,LRP-zplus,0.4569089409182878,0.5977671321091838
instance_perturbation_module.detect.cls_preds.0,activation,0.39641285252843284,0.542049758630032
instance_perturbation_module.detect.cls_preds.0,random,0.42806704616294844,0.5714509604396539
instance_perturbation_module.neck.Rep_n6.conv1.rbr_dense.conv,GradCAM,0.0,1.0
instance_perturbation_module.neck.Rep_n6.conv1.rbr_dense.conv,Gradient,0.0,1.0
instance_perturbation_module.neck.Rep_n6.conv1.rbr_dense.conv,LRP-eps,0.0,1.0
instance_perturbation_module.neck.Rep_n6.conv1.rbr_dense.conv,LRP-gamma,0.0,1.0
instance_perturbation_module.neck.Rep_n6.conv1.rbr_dense.conv,LRP-zplus,0.0,1.0
instance_perturbation_module.neck.Rep_n6.conv1.rbr_dense.conv,activation,0.0,1.0
instance_perturbation_module.neck.Rep_n6.conv1.rbr_dense.conv,random,0.0,1.0
instance_perturbation_module.backbone.ERBlock_6.2.cspsppf.cv7.block.conv,GradCAM,0.7125898343859866,0.5462130704971266
instance_perturbation_module.backbone.ERBlock_6.2.cspsppf.cv7.block.conv,Gradient,0.7169743806957309,0.6083841273150886
instance_perturbation_module.backbone.ERBlock_6.2.cspsppf.cv7.block.conv,LRP-eps,0.31652438600253285,0.5220998415701756
instance_perturbation_module.backbone.ERBlock_6.2.cspsppf.cv7.block.conv,LRP-gamma,0.10670683222503685,0.13219030205119908
instance_perturbation_module.backbone.ERBlock_6.2.cspsppf.cv7.block.conv,LRP-zplus,0.850539092047518,0.7789424035799033
instance_perturbation_module.backbone.ERBlock_6.2.cspsppf.cv7.block.conv,activation,0.8401175460208762,0.6730732912765226
instance_perturbation_module.backbone.ERBlock_6.2.cspsppf.cv7.block.conv,random,0.5190172731839482,0.5797538629445791
instance_perturbation_module.backbone.ERBlock_4.1.block.0.rbr_dense.conv,GradCAM,0.7749520473391469,0.792377699232618
instance_perturbation_module.backbone.ERBlock_4.1.block.0.rbr_dense.conv,Gradient,0.7476911113157325,0.8254961110685416
instance_perturbation_module.backbone.ERBlock_4.1.block.0.rbr_dense.conv,LRP-eps,0.4804416438604223,0.7939136701091677
instance_perturbation_module.backbone.ERBlock_4.1.block.0.rbr_dense.conv,LRP-gamma,0.33683630090056443,0.554874310825648
instance_perturbation_module.backbone.ERBlock_4.1.block.0.rbr_dense.conv,LRP-zplus,0.52785218493517,0.8102588656644562
instance_perturbation_module.backbone.ERBlock_4.1.block.0.rbr_dense.conv,activation,0.380867614371424,0.6252194913111758
instance_perturbation_module.backbone.ERBlock_4.1.block.0.rbr_dense.conv,random,0.3776618068109197,0.5755983104425761
instance_perturbation_module.detect.stems.3.block.conv,GradCAM,0.0,1.0
instance_perturbation_module.detect.stems.3.block.conv,Gradient,0.0,1.0
instance_perturbation_module.detect.stems.3.block.conv,LRP-eps,0.0,1.0
instance_perturbation_module.detect.stems.3.block.conv,LRP-gamma,0.0,1.0
instance_perturbation_module.detect.stems.3.block.conv,LRP-zplus,0.0,1.0
instance_perturbation_module.detect.stems.3.block.conv,activation,0.0,1.0
instance_perturbation_module.detect.stems.3.block.conv,random,0.0,1.0
instance_perturbation_module.neck.Rep_p4.conv1.rbr_dense.conv,GradCAM,0.6797719656623282,0.5733922075696422
instance_perturbation_module.neck.Rep_p4.conv1.rbr_dense.conv,Gradient,0.7021607881599126,0.5807818789810625
instance_perturbation_module.neck.Rep_p4.conv1.rbr_dense.conv,LRP-eps,0.4846682434417401,0.6186973700221915
instance_perturbation_module.neck.Rep_p4.conv1.rbr_dense.conv,LRP-gamma,0.4616154946249133,0.5983298968274662
instance_perturbation_module.neck.Rep_p4.conv1.rbr_dense.conv,LRP-zplus,0.6162348465021649,0.3882329482355057
instance_perturbation_module.neck.Rep_p4.conv1.rbr_dense.conv,activation,0.3269234496228997,0.6647935100693704
instance_perturbation_module.neck.Rep_p4.conv1.rbr_dense.conv,random,0.27250327698982896,0.6231531220873158
instance_perturbation_module.neck.Rep_p4.block.2.rbr_dense.conv,GradCAM,0.627210220278036,0.5737448836206788
instance_perturbation_module.neck.Rep_p4.block.2.rbr_dense.conv,Gradient,0.5847468112526449,0.8046376095255101
instance_perturbation_module.neck.Rep_p4.block.2.rbr_dense.conv,LRP-eps,0.25984564771882446,0.6892415358805204
instance_perturbation_module.neck.Rep_p4.block.2.rbr_dense.conv,LRP-gamma,0.2468313645875104,0.3542387203695141
instance_perturbation_module.neck.Rep_p4.block.2.rbr_dense.conv,LRP-zplus,0.6766605404931525,0.7020638978443852
instance_perturbation_module.neck.Rep_p4.block.2.rbr_dense.conv,activation,0.3884582731137324,0.6070019387298619
instance_perturbation_module.neck.Rep_p4.block.2.rbr_dense.conv,random,0.40456585936296646,0.5057209568213277
instance_perturbation_module.backbone.ERBlock_4.0.rbr_dense.conv,GradCAM,0.8023329980760322,0.7287369503366533
instance_perturbation_module.backbone.ERBlock_4.0.rbr_dense.conv,Gradient,0.813199390720282,0.7510187217947754
instance_perturbation_module.backbone.ERBlock_4.0.rbr_dense.conv,LRP-eps,0.6574464872991954,0.4669659594663828
instance_perturbation_module.backbone.ERBlock_4.0.rbr_dense.conv,LRP-gamma,0.6308906051741321,0.5127250639613815
instance_perturbation_module.backbone.ERBlock_4.0.rbr_dense.conv,LRP-zplus,0.7433489997588126,0.5346065819758328
instance_perturbation_module.backbone.ERBlock_4.0.rbr_dense.conv,activation,0.5804737169352954,0.5073069852166121
instance_perturbation_module.backbone.ERBlock_4.0.rbr_dense.conv,random,0.4140280287515445,0.3689837773019965
instance_perturbation_module.neck.Rep_n6.block.1.rbr_dense.conv,GradCAM,0.0,1.0
instance_perturbation_module.neck.Rep_n6.block.1.rbr_dense.conv,Gradient,0.0,1.0
instance_perturbation_module.neck.Rep_n6.block.1.rbr_dense.conv,LRP-eps,0.0,1.0
instance_perturbation_module.neck.Rep_n6.block.1.rbr_dense.conv,LRP-gamma,0.0,1.0
instance_perturbation_module.neck.Rep_n6.block.1.rbr_dense.conv,LRP-zplus,0.0,1.0
instance_perturbation_module.neck.Rep_n6.block.1.rbr_dense.conv,activation,0.0,1.0
instance_perturbation_module.neck.Rep_n6.block.1.rbr_dense.conv,random,0.0,1.0
instance_perturbation_module.neck.Rep_p3.conv1.rbr_dense.conv,GradCAM,0.6829746182314512,0.6462443710806973
instance_perturbation_module.neck.Rep_p3.conv1.rbr_dense.conv,Gradient,0.7076223467149237,0.6434450209119947
instance_perturbation_module.neck.Rep_p3.conv1.rbr_dense.conv,LRP-eps,0.6124183109496856,0.5555140896876476
instance_perturbation_module.neck.Rep_p3.conv1.rbr_dense.conv,LRP-gamma,0.6072567044008845,0.6143254473562192
instance_perturbation_module.neck.Rep_p3.conv1.rbr_dense.conv,LRP-zplus,0.7229286637011496,0.7270932021093728
instance_perturbation_module.neck.Rep_p3.conv1.rbr_dense.conv,activation,0.3860006576759049,0.6091233942266931
instance_perturbation_module.neck.Rep_p3.conv1.rbr_dense.conv,random,0.4123612247276516,0.5668842568551895
instance_perturbation_module.neck.Rep_p5.block.0.rbr_dense.conv,GradCAM,0.5098891122439188,0.5288940167120281
instance_perturbation_module.neck.Rep_p5.block.0.rbr_dense.conv,Gradient,0.5543834537373473,0.5421955645250234
instance_perturbation_module.neck.Rep_p5.block.0.rbr_dense.conv,LRP-eps,0.12429427469785367,0.6528871086827376
instance_perturbation_module.neck.Rep_p5.block.0.rbr_dense.conv,LRP-gamma,0.2679027381813022,0.515413065698179
instance_perturbation_module.neck.Rep_p5.block.0.rbr_dense.conv,LRP-zplus,0.47978218727039545,0.5837537510307296
instance_perturbation_module.neck.Rep_p5.block.0.rbr_dense.conv,activation,0.4003552588136169,0.37972955784377815
instance_perturbation_module.neck.Rep_p5.block.0.rbr_dense.conv,random,0.4256549315538283,0.514324179199251
instance_perturbation_module.neck.downsample0.block.conv,GradCAM,0.0,1.0
instance_perturbation_module.neck.downsample0.block.conv,Gradient,0.0,1.0
instance_perturbation_module.neck.downsample0.block.conv,LRP-eps,0.0,1.0
instance_perturbation_module.neck.downsample0.block.conv,LRP-gamma,0.0,1.0
instance_perturbation_module.neck.downsample0.block.conv,LRP-zplus,0.0,1.0
instance_perturbation_module.neck.downsample0.block.conv,activation,0.0,1.0
instance_perturbation_module.neck.downsample0.block.conv,random,0.0,1.0
instance_perturbation_module.backbone.ERBlock_6.1.conv1.rbr_dense.conv,GradCAM,0.33875226218257004,0.5513532966369747
instance_perturbation_module.backbone.ERBlock_6.1.conv1.rbr_dense.conv,Gradient,0.333407752757814,0.5091803702028409
instance_perturbation_module.backbone.ERBlock_6.1.conv1.rbr_dense.conv,LRP-eps,0.3173912690095505,0.5757603392956506
instance_perturbation_module.backbone.ERBlock_6.1.conv1.rbr_dense.conv,LRP-gamma,0.07112939386691537,0.06713902359232532
instance_perturbation_module.backbone.ERBlock_6.1.conv1.rbr_dense.conv,LRP-zplus,0.900734183452718,0.3316080219590765
instance_perturbation_module.backbone.ERBlock_6.1.conv1.rbr_dense.conv,activation,0.9157816674719093,0.5912260431926196
instance_perturbation_module.backbone.ERBlock_6.1.conv1.rbr_dense.conv,random,0.4551311825186481,0.5772624335820713
instance_perturbation_module.neck.downsample2.block.conv,GradCAM,0.11762924181129963,0.9661016949152542
instance_perturbation_module.neck.downsample2.block.conv,Gradient,0.10739545711173745,0.9661016949152542
instance_perturbation_module.neck.downsample2.block.conv,LRP-eps,0.0935995156665578,0.9126289655143561
instance_perturbation_module.neck.downsample2.block.conv,LRP-gamma,0.09134099981249472,0.9533301532306528
instance_perturbation_module.neck.downsample2.block.conv,LRP-zplus,0.07892803786750294,0.9661016949152542
instance_perturbation_module.neck.downsample2.block.conv,activation,0.16704446456674465,0.9661016949152542
instance_perturbation_module.neck.downsample2.block.conv,random,0.043396511357497745,0.9595052299258766
instance_perturbation_module.backbone.stem.rbr_dense.conv,GradCAM,0.2306282998520104,0.6690347918773275
instance_perturbation_module.backbone.stem.rbr_dense.conv,Gradient,0.2232775779345753,0.5866374230829805
instance_perturbation_module.backbone.stem.rbr_dense.conv,LRP-eps,0.39100463262800583,0.6327870245424604
instance_perturbation_module.backbone.stem.rbr_dense.conv,LRP-gamma,0.3672260659960839,0.7061577093801601
instance_perturbation_module.backbone.stem.rbr_dense.conv,LRP-zplus,0.29520937308685924,0.6767111808661364
instance_perturbation_module.backbone.stem.rbr_dense.conv,activation,0.5318039005682433,0.8256233045655796
instance_perturbation_module.backbone.stem.rbr_dense.conv,random,0.2663384270151847,0.6343969315043269
instance_perturbation_module.backbone.ERBlock_3.1.block.2.rbr_dense.conv,GradCAM,0.7457027432529719,0.6986259196544319
instance_perturbation_module.backbone.ERBlock_3.1.block.2.rbr_dense.conv,Gradient,0.7636172024212821,0.7292881963674732
instance_perturbation_module.backbone.ERBlock_3.1.block.2.rbr_dense.conv,LRP-eps,0.6774725815560046,0.4745334328439849
instance_perturbation_module.backbone.ERBlock_3.1.block.2.rbr_dense.conv,LRP-gamma,0.5723785365374937,0.6009299688411487
instance_perturbation_module.backbone.ERBlock_3.1.block.2.rbr_dense.conv,LRP-zplus,0.6177724667096388,0.6144608048586959
instance_perturbation_module.backbone.ERBlock_3.1.block.2.rbr_dense.conv,activation,0.46207767037277375,0.6103591525067436
instance_perturbation_module.backbone.ERBlock_3.1.block.2.rbr_dense.conv,random,0.38964102743636064,0.5931869210743638
instance_perturbation_module.neck.Rep_p4.block.0.rbr_dense.conv,GradCAM,0.5799389183127799,0.8229133360907497
instance_perturbation_module.neck.Rep_p4.block.0.rbr_dense.conv,Gradient,0.5133622343398959,0.8433819496261832
instance_perturbation_module.neck.Rep_p4.block.0.rbr_dense.conv,LRP-eps,0.18458146737034745,0.6501933031685763
instance_perturbation_module.neck.Rep_p4.block.0.rbr_dense.conv,LRP-gamma,0.23920646240774507,0.5606507516354032
instance_perturbation_module.neck.Rep_p4.block.0.rbr_dense.conv,LRP-zplus,0.6272534499765018,0.4811699983145459
instance_perturbation_module.neck.Rep_p4.block.0.rbr_dense.conv,activation,0.48299753860416805,0.40486997542658
instance_perturbation_module.neck.Rep_p4.block.0.rbr_dense.conv,random,0.21207447728529702,0.3097022275421219
instance_perturbation_module.backbone.ERBlock_6.2.cspsppf.cv4.block.conv,GradCAM,0.33127536501091503,0.7102520294675355
instance_perturbation_module.backbone.ERBlock_6.2.cspsppf.cv4.block.conv,Gradient,0.3311763269046061,0.7312953216307561
instance_perturbation_module.backbone.ERBlock_6.2.cspsppf.cv4.block.conv,LRP-eps,0.22528110263661003,0.5311282208669433
instance_perturbation_module.backbone.ERBlock_6.2.cspsppf.cv4.block.conv,LRP-gamma,0.1655990904527148,0.6681534482010849
instance_perturbation_module.backbone.ERBlock_6.2.cspsppf.cv4.block.conv,LRP-zplus,0.41622948915397895,0.6187439340048473
instance_perturbation_module.backbone.ERBlock_6.2.cspsppf.cv4.block.conv,activation,0.4852812574696539,0.5864452329554841
instance_perturbation_module.backbone.ERBlock_6.2.cspsppf.cv4.block.conv,random,0.4408404702772437,0.5570269985108437
instance_perturbation_module.backbone.ERBlock_4.1.block.1.rbr_dense.conv,GradCAM,0.7838077542958178,0.8102303816574165
instance_perturbation_module.backbone.ERBlock_4.1.block.1.rbr_dense.conv,Gradient,0.7979946536088419,0.7878809083316616
instance_perturbation_module.backbone.ERBlock_4.1.block.1.rbr_dense.conv,LRP-eps,0.4008575370875641,0.7143025940623184
instance_perturbation_module.backbone.ERBlock_4.1.block.1.rbr_dense.conv,LRP-gamma,0.37557259351732775,0.6470890907822252
instance_perturbation_module.backbone.ERBlock_4.1.block.1.rbr_dense.conv,LRP-zplus,0.4296364486724142,0.5987068107651763
instance_perturbation_module.backbone.ERBlock_4.1.block.1.rbr_dense.conv,activation,0.3580886143864146,0.6392716823984173
instance_perturbation_module.backbone.ERBlock_4.1.block.1.rbr_dense.conv,random,0.2564566961822597,0.38607778225001677
instance_perturbation_module.detect.cls_preds.2,GradCAM,0.47228919190613705,0.5727185755701891
instance_perturbation_module.detect.cls_preds.2,Gradient,0.47228919190613705,0.5727185755701891
instance_perturbation_module.detect.cls_preds.2,LRP-eps,0.47228919190613705,0.5727185755701891
instance_perturbation_module.detect.cls_preds.2,LRP-gamma,0.47228919190613705,0.5727185755701891
instance_perturbation_module.detect.cls_preds.2,LRP-zplus,0.47228919190613705,0.5727185755701891
instance_perturbation_module.detect.cls_preds.2,activation,0.45170251265869665,0.5343245860676644
instance_perturbation_module.detect.cls_preds.2,random,0.45762587323444637,0.5313866260645015
instance_perturbation_module.neck.reduce_layer2.block.conv,GradCAM,0.8291581855157799,0.8660723012411432
instance_perturbation_module.neck.reduce_layer2.block.conv,Gradient,0.8394516127736401,0.8495208878140511
instance_perturbation_module.neck.reduce_layer2.block.conv,LRP-eps,0.669638247539138,0.29383865588883423
instance_perturbation_module.neck.reduce_layer2.block.conv,LRP-gamma,0.654261803916454,0.6832106870504447
instance_perturbation_module.neck.reduce_layer2.block.conv,LRP-zplus,0.82373249265412,0.8469669807530964
instance_perturbation_module.neck.reduce_layer2.block.conv,activation,0.5366261489584769,0.67666053508275
instance_perturbation_module.neck.reduce_layer2.block.conv,random,0.4030240047386493,0.539055244764935
instance_perturbation_module.backbone.ERBlock_2.0.rbr_dense.conv,GradCAM,0.5108716938827425,0.7020481550220576
instance_perturbation_module.backbone.ERBlock_2.0.rbr_dense.conv,Gradient,0.5176312155132444,0.6089543723264776
instance_perturbation_module.backbone.ERBlock_2.0.rbr_dense.conv,LRP-eps,0.5442672472247463,0.6129835218429296
instance_perturbation_module.backbone.ERBlock_2.0.rbr_dense.conv,LRP-gamma,0.519468042326144,0.5991098776486639
instance_perturbation_module.backbone.ERBlock_2.0.rbr_dense.conv,LRP-zplus,0.4730724982871128,0.6774515287381271
instance_perturbation_module.backbone.ERBlock_2.0.rbr_dense.conv,activation,0.4305301836119711,0.6528216387084775
instance_perturbation_module.backbone.ERBlock_2.0.rbr_dense.conv,random,0.37145841961501835,0.5332990521054453
instance_perturbation_module.neck.Rep_n4.block.2.rbr_dense.conv,GradCAM,0.3775577548616995,0.720794862675698
instance_perturbation_module.neck.Rep_n4.block.2.rbr_dense.conv,Gradient,0.3847850936211386,0.720794862675698
instance_perturbation_module.neck.Rep_n4.block.2.rbr_dense.conv,LRP-eps,0.40234424741802005,0.6513129242603992
instance_perturbation_module.neck.Rep_n4.block.2.rbr_dense.conv,LRP-gamma,0.3813166770822759,0.672535817471347
instance_perturbation_module.neck.Rep_n4.block.2.rbr_dense.conv,LRP-zplus,0.3650862368089979,0.7260644214455173
instance_perturbation_module.neck.Rep_n4.block.2.rbr_dense.conv,activation,0.19453183529655851,0.6307459024929157
instance_perturbation_module.neck.Rep_n4.block.2.rbr_dense.conv,random,0.1777390498920226,0.8751469363824127
instance_perturbation_module.backbone.ERBlock_4.1.conv1.rbr_dense.conv,GradCAM,0.7585402753506933,0.6796081553581537
instance_perturbation_module.backbone.ERBlock_4.1.conv1.rbr_dense.conv,Gradient,0.7879209697986387,0.7118425236683007
instance_perturbation_module.backbone.ERBlock_4.1.conv1.rbr_dense.conv,LRP-eps,0.4633185142030669,0.5975649380930547
instance_perturbation_module.backbone.ERBlock_4.1.conv1.rbr_dense.conv,LRP-gamma,0.481385579907664,0.3352176392412193
instance_perturbation_module.backbone.ERBlock_4.1.conv1.rbr_dense.conv,LRP-zplus,0.676373220297612,0.7643352043273081
instance_perturbation_module.backbone.ERBlock_4.1.conv1.rbr_dense.conv,activation,0.5538777219190666,0.6635267766418043
instance_perturbation_module.backbone.ERBlock_4.1.conv1.rbr_dense.conv,random,0.41225827978355095,0.6828046594217392
instance_perturbation_module.neck.Rep_n4.conv1.rbr_dense.conv,GradCAM,0.5591764504376071,0.9560346675458602
instance_perturbation_module.neck.Rep_n4.conv1.rbr_dense.conv,Gradient,0.5698305790262643,0.9559517484666951
instance_perturbation_module.neck.Rep_n4.conv1.rbr_dense.conv,LRP-eps,0.5832218582033052,0.8976439026140562
instance_perturbation_module.neck.Rep_n4.conv1.rbr_dense.conv,LRP-gamma,0.5717332179761564,0.9282674218080657
instance_perturbation_module.neck.Rep_n4.conv1.rbr_dense.conv,LRP-zplus,0.5630689645112125,0.9559517484666951
instance_perturbation_module.neck.Rep_n4.conv1.rbr_dense.conv,activation,0.11520091094047921,0.1701574349196604
instance_perturbation_module.neck.Rep_n4.conv1.rbr_dense.conv,random,0.31344283277816126,0.8800839577813074
instance_perturbation_module.neck.reduce_layer0.block.conv,GradCAM,0.594212959405022,0.8001452962057259
instance_perturbation_module.neck.reduce_layer0.block.conv,Gradient,0.56211953155848,0.744295236683814
instance_perturbation_module.neck.reduce_layer0.block.conv,LRP-eps,0.3360849445887029,0.5565289873550354
instance_perturbation_module.neck.reduce_layer0.block.conv,LRP-gamma,0.10633980139580371,0.14511814259931785
instance_perturbation_module.neck.reduce_layer0.block.conv,LRP-zplus,0.6994446366783302,0.6093186551640879
instance_perturbation_module.neck.reduce_layer0.block.conv,activation,0.8384719340092853,0.7843155006446347
instance_perturbation_module.neck.reduce_layer0.block.conv,random,0.5107975046734585,0.5355630036522057
instance_perturbation_module.backbone.ERBlock_6.2.cspsppf.cv2.block.conv,GradCAM,0.5083082162825968,0.5677665322052515
instance_perturbation_module.backbone.ERBlock_6.2.cspsppf.cv2.block.conv,Gradient,0.5249283408731166,0.6286877989623809
instance_perturbation_module.backbone.ERBlock_6.2.cspsppf.cv2.block.conv,LRP-eps,0.4585671316831377,0.2761283786263377
instance_perturbation_module.backbone.ERBlock_6.2.cspsppf.cv2.block.conv,LRP-gamma,0.25246315307331574,0.1994931151027814
instance_perturbation_module.backbone.ERBlock_6.2.cspsppf.cv2.block.conv,LRP-zplus,0.7946539575059319,0.8325523861615929
instance_perturbation_module.backbone.ERBlock_6.2.cspsppf.cv2.block.conv,activation,0.7813626453977048,0.7152701086470081
instance_perturbation_module.backbone.ERBlock_6.2.cspsppf.cv2.block.conv,random,0.48388654618815197,0.625797140091198
instance_perturbation_module.backbone.ERBlock_6.2.cspsppf.cv5.block.conv,GradCAM,0.6419762193110763,0.6980038250073042
instance_perturbation_module.backbone.ERBlock_6.2.cspsppf.cv5.block.conv,Gradient,0.642317955208842,0.6260311936261209
instance_perturbation_module.backbone.ERBlock_6.2.cspsppf.cv5.block.conv,LRP-eps,0.17789662276935075,0.7822304497456878
instance_perturbation_module.backbone.ERBlock_6.2.cspsppf.cv5.block.conv,LRP-gamma,0.1947687644263974,0.764448960330781
instance_perturbation_module.backbone.ERBlock_6.2.cspsppf.cv5.block.conv,LRP-zplus,0.8493489680547898,0.7862116161745775
instance_perturbation_module.backbone.ERBlock_6.2.cspsppf.cv5.block.conv,activation,0.7158239160235271,0.657929208920245
instance_perturbation_module.backbone.ERBlock_6.2.cspsppf.cv5.block.conv,random,0.5180138317138528,0.4783184781559867
instance_perturbation_module.backbone.ERBlock_3.1.conv1.rbr_dense.conv,GradCAM,0.7324539183976352,0.6596714949523796
instance_perturbation_module.backbone.ERBlock_3.1.conv1.rbr_dense.conv,Gradient,0.7745949621749701,0.6194656966578047
instance_perturbation_module.backbone.ERBlock_3.1.conv1.rbr_dense.conv,LRP-eps,0.5669315195553726,0.626284513129332
instance_perturbation_module.backbone.ERBlock_3.1.conv1.rbr_dense.conv,LRP-gamma,0.46675323915421313,0.5972984370610642
instance_perturbation_module.backbone.ERBlock_3.1.conv1.rbr_dense.conv,LRP-zplus,0.47362414409932985,0.6290733181009267
instance_perturbation_module.backbone.ERBlock_3.1.conv1.rbr_dense.conv,activation,0.3645715350523302,0.5038286162377537
instance_perturbation_module.backbone.ERBlock_3.1.conv1.rbr_dense.conv,random,0.35771130831778825,0.5451102587120833
instance_perturbation_module.detect.reg_convs.3.block.conv,GradCAM,0.0,1.0
instance_perturbation_module.detect.reg_convs.3.block.conv,Gradient,0.0,1.0
instance_perturbation_module.detect.reg_convs.3.block.conv,LRP-eps,0.0,1.0
instance_perturbation_module.detect.reg_convs.3.block.conv,LRP-gamma,0.0,1.0
instance_perturbation_module.detect.reg_convs.3.block.conv,LRP-zplus,0.0,1.0
instance_perturbation_module.detect.reg_convs.3.block.conv,activation,0.0,1.0
instance_perturbation_module.detect.reg_convs.3.block.conv,random,0.0,1.0
instance_perturbation_module.detect.cls_preds.1,GradCAM,0.47428018273557837,0.5663867960736019
instance_perturbation_module.detect.cls_preds.1,Gradient,0.4752394296138993,0.5737627968895094
instance_perturbation_module.detect.cls_preds.1,LRP-eps,0.4752394296138993,0.5737627968895094
instance_perturbation_module.detect.cls_preds.1,LRP-gamma,0.4752394296138993,0.5737627968895094
instance_perturbation_module.detect.cls_preds.1,LRP-zplus,0.4752394296138993,0.5737627968895094
instance_perturbation_module.detect.cls_preds.1,activation,0.4322193884495104,0.5255165312021135
instance_perturbation_module.detect.cls_preds.1,random,0.477761124150651,0.5968196034644313
